<?xml version="1.0" encoding="UTF-8"?>
<project-private xmlns="http://www.netbeans.org/ns/project-private/1">
    <editor-bookmarks xmlns="http://www.netbeans.org/ns/editor-bookmarks/2" lastBookmarkId="2">
        <file>
            <url>src/automat/mp/GameFrame.java</url>
            <bookmark id="2">
                <name/>
                <line>631</line>
                <key/>
            </bookmark>
        </file>
    </editor-bookmarks>
    <open-files xmlns="http://www.netbeans.org/ns/projectui-open-files/2">
        <group>
            <file>file:/C:/Users/Angelo%20Ablaza/Documents/GitHub/AUTOMAT-MP/AUTOMAT%20MP/src/automat/mp/AutomatonFrame.java</file>
            <file>file:/C:/Users/Angelo%20Ablaza/Documents/GitHub/AUTOMAT-MP/AUTOMAT%20MP/src/automat/mp/GameFrame.java</file>
            <file>file:/C:/Users/Angelo%20Ablaza/Documents/GitHub/AUTOMAT-MP/AUTOMAT%20MP/src/automat/mp/AUTOMATMP.java</file>
            <file>file:/C:/Users/Angelo%20Ablaza/Documents/GitHub/AUTOMAT-MP/AUTOMAT%20MP/src/automat/mp/SolutionFrame.java</file>
        </group>
    </open-files>
</project-private>
